{"accuracy": 0.8289473684210527, "specificity": 0.7666666666666667, "f1_score": 0.7796610169491527}